company,position,salary,link
Deputy,Lead Architect - Go To Market,87043,https://jobs.lever.co/deputy/e243c54e-0ce9-434f-807d-75a387e917ed
Chainalysis,Technical Writer,57282,https://boards.greenhouse.io/chainalysis/jobs/4150719002
Starry,Tier II Analyst,84633,https://boards.greenhouse.io/starry/jobs/4851846002
Club Champion,Operations Assistant - 2nd Shift and Sundays,59525,https://jobs.lever.co/clubchampiongolf/0f1bc028-c0eb-4fb0-ac04-0ca9278c1291
Binance,Recruiter / Talent Acquisition Specialist (6 months contract) - Americas,58643,https://jobs.lever.co/binance/b87db519-06e9-48b4-93de-8c2bfe994031
Xfers,Software Engineer - Stablecoin,92046,https://jobs.lever.co/xfers/e6a235f3-aa58-467e-ac49-23d574d5fefe
Binance,Recruiter / Talent Acquisition Specialist (6 months contract) - MENA,58643,https://jobs.lever.co/binance/55b634db-a287-46c0-b533-47594180b39a
Immuta,Software Tester - Product Engineering,71478,https://jobs.lever.co/immuta/2b8be826-4677-4e79-9a5e-1c9ef883b650
Medallia,Senior Software Engineer - Mobile,115086,https://jobs.lever.co/medallia/75aed842-2cc3-4595-b361-a8c66bf96331
Daniels Health,Plant Operator - RMW,35569,https://jobs.lever.co/daniels-sharpsmart/907598e8-b1ef-4d71-a9aa-92ab734a7c2a
Spotify,Principal Product Manager - Core Experience,156846,https://jobs.lever.co/spotify/16a52117-b895-4c04-b5db-d72dcc883cf4
PetIQ,Clinic Assistant - Veterinary Wellness Center,28002,https://jobs.lever.co/vippetcare/899ec730-6483-4567-bb3e-08e57f811210
Bliss Point Media,Media Buyer,46885,https://boards.greenhouse.io/blisspointmedia/jobs/4827392002%3Fgh_src%3D174bda172
Telnyx,Talent Acquisition,58643,https://boards.greenhouse.io/telnyx54/jobs/4167525003
Honor,Recruiting Associate,49301,https://boards.greenhouse.io/honor/jobs/4860095002%3Fgh_jid%3D4860095002
Twilio,Diversity Recruiting Program Manager,58804,https://boards.greenhouse.io/twilio/jobs/2322128
Careem,Strategy Associate,70872,https://boards.greenhouse.io/careem/jobs/4863132002
CarGurus,Director of Tax and Treasury,97037,https://boards.greenhouse.io/cargurus/jobs/2299402%3Fgh_jid%3D2299402
AppSumo,Subscription Marketing Manager,50903,https://boards.greenhouse.io/appsumocareers/jobs/2327880
TeleSign,Sales Development Representative,48412,https://boards.greenhouse.io/telesign/jobs/4165893003
Truework,Enterprise Customer Success Manager,64682,https://boards.greenhouse.io/truework/jobs/4154552003
MobilityWare,Senior Data Analyst,78204,https://boards.greenhouse.io/mobilityware/jobs/2050299%3Fgh_jid%3D2050299
Truework,Sales Development Representative,48412,https://boards.greenhouse.io/truework/jobs/4113235003
Shopee,Safety and Facility Management,69800,https://boards.greenhouse.io/shopee/jobs/4864124002
GOAL Turkey,Roving Logistics Officer,44714,https://boards.greenhouse.io/goalturkey/jobs/2327499
PUBG MadGlory,Senior Software Engineer,121521,https://boards.greenhouse.io/pubgmadglory/jobs/4851539002
GOAL Turkey,Logistics Admin Finance Assistant  - Mersin,44285,https://boards.greenhouse.io/goalturkey/jobs/2326862
Zenefits,UX Designer,85277,https://boards.greenhouse.io/zenefits/jobs/2324781
Chainalysis,Customer Success Manager,64682,https://boards.greenhouse.io/chainalysis/jobs/4683188002%3Fgh_src%3Dcryptocurrencyjobs
Cutover,Lead Engineer,80626,https://boards.greenhouse.io/cutover/jobs/4164419003
Clearwater Analytics,Software Development Manager - Platform,117357,https://boards.greenhouse.io/clearwateranalytics/jobs/4826256002
TuSimple,Sensor Calibration Engineer,67922,https://boards.greenhouse.io/tusimple/jobs/4848587002
Shopee,Campaign - Media Buy,46885,https://boards.greenhouse.io/shopee/jobs/4755509002
Jobber,Growth Engineer,102864,https://boards.greenhouse.io/jobber/jobs/4863549002
Anaplan,Senior Software Engineer,121521,https://boards.greenhouse.io/anaplan/jobs/4863400002
Twilio,Data Engineer,102864,https://boards.greenhouse.io/twilio/jobs/2327575
Andela,Engineering Experience Lead- ATLP,98773,https://boards.greenhouse.io/andela/jobs/2325254%26gh_src%3Dseekorswimcom
GOAL Zimbabwe,Project Manager-Cash Assistance,66137,https://boards.greenhouse.io/goalzimbabwe/jobs/2326789
Handshake,Support Specialist (Variable Hour Contract),53084,https://boards.greenhouse.io/joinhandshake/jobs/2324618
Shopee,Warehouse Operator (Sorting Hub),24747,https://boards.greenhouse.io/shopee/jobs/4863728002
Anaplan,Associate Product Manager,96010,https://boards.greenhouse.io/anaplan/jobs/4845614002
Corvus Insurance,Reinsurance Sales Manager,99298,https://boards.greenhouse.io/corvusinsurance/jobs/4167585003
Praetorian,Staff Security Engineer,124668,https://boards.greenhouse.io/praetorian/jobs/4146189003%3Fgh_jid%3D4146189003
May Mobility,IT Engineer - Helpdesk,41842,https://boards.greenhouse.io/maymobility/jobs/4860852002
African Leadership International,VP People,165000,https://boards.greenhouse.io/alx/jobs/2324896%3Fgh_jid%3D2324896
Wrike,IT Recruiter,41968,https://boards.greenhouse.io/wrike/jobs/2327242
Impact,Partnerships Operations Analyst,54250,https://boards.greenhouse.io/impact/jobs/4803561002
Aztec Group,Business Improvement Administrator,52416,https://boards.greenhouse.io/aztecgroup/jobs/4167565003
Shopee,Senior Performance Marketing Specialist,65834,https://boards.greenhouse.io/shopee/jobs/4731607002
Qualtrics,Enterprise Account Executive,77208,https://boards.greenhouse.io/qualtrics/jobs/33938%26gh_src%3Dseekorswimcom
LendingHome,Underwriter,57152,https://boards.greenhouse.io/lendinghome/jobs/2306316%3Fgh_jid%3D2306316
African Leadership International,Senior Accountant,67618,https://boards.greenhouse.io/alx/jobs/2325152%3Fgh_jid%3D2325152
African Leadership International,Financial Controller,99931,https://boards.greenhouse.io/alx/jobs/2325135%3Fgh_jid%3D2325135
Menlo Security,Contracts Manager,67907,https://boards.greenhouse.io/menlosecurity/jobs/4832566002
Aegis Living,Maintenance Assistant/Technician,33103,https://boards.greenhouse.io/aegisliving/jobs/2325673
Tails.com,Delivery Transformation Manager,58328,https://boards.greenhouse.io/tails/jobs/4860045002
HousingAnywhere,Internship | Data Analytics and Business Intelligence,69604,https://boards.greenhouse.io/housinganywhere/jobs/4166638003%3Fsource%3Dscaleupjobs.nl
NorthOne,Head of Brand Marketing,242855,https://boards.greenhouse.io/northone/jobs/4863720002
Andela,Engineering Experience Lead- ATLP,98773,https://boards.greenhouse.io/andela/jobs/2325254
Shopee,Warehouse Administrator,46597,https://boards.greenhouse.io/shopee/jobs/4863747002
NorthOne,Head of Brand Marketing,242855,https://boards.greenhouse.io/northone/jobs/4863708002
NorthOne,Head of Brand Marketing,242855,https://boards.greenhouse.io/northone/jobs/4863719002
Guidepost Montessori Virtual School,Virtual Montessori Lead Children's House Guides,24588,https://boards.greenhouse.io/guidepostmontessorivirtual/jobs/2326569
Quantum Vision Centers,Ophthalmic Scribe,143698,https://boards.greenhouse.io/quantumvisioncenters/jobs/4860836002
audibene / hear.com,CRM Data Analyst (f/m/x),62453,https://boards.greenhouse.io/audibenehearcom/jobs/2326874
Doctolib,Talent Development Manager,65937,https://boards.greenhouse.io/doctolib/jobs/4167662003
OVO Internal Vacancies,Metering Finance Manager,95162,https://boards.greenhouse.io/ovointernalvacancies/jobs/2326912
HousingAnywhere,Internship | Business Developer (French Speaker),27834,https://boards.greenhouse.io/housinganywhere/jobs/4166565003
Anaplan,Senior Software Engineer,121521,https://boards.greenhouse.io/anaplan/jobs/4863400002%3Ft%3D0d709ca02
Viz.ai (Open Listings),Controller - IL Office,120979,https://boards.greenhouse.io/vizaiinc/jobs/4860520002
Referrals Only,Application Developer - Senior Consultant,82478,https://boards.greenhouse.io/thoughtworksreferral/jobs/2324918
FanDuel,Python Engineer - Data,76526,https://boards.greenhouse.io/fanduel/jobs/2327067
Viral Code,Parking Lot Planner,58560,https://boards.greenhouse.io/viralcodemx/jobs/2326424
Wrike,Product Analyst,63425,https://boards.greenhouse.io/wrike/jobs/2327009
Praetorian,Chief Technology Officer,166769,https://boards.greenhouse.io/praetorian/jobs/4166709003
Cloudflare,Legal Counsel,127476,https://boards.greenhouse.io/cloudflare/jobs/2180881%3Fgh_jid%3D2180881
Apprenticeships,Sports Coach Apprentice EAST ANGLIA COACHING LIMITED,40089,https://boards.greenhouse.io/inspireata/jobs/2327075
Trove Recommerce,Customer Experience Associate (Onsite),34662,https://boards.greenhouse.io/trove/jobs/4861271002
Chewy Fulfillment,Temporary Utility Worker,39995,https://boards.greenhouse.io/fulfillment/jobs/2321999
Rapha,Apparel Graphic Designer,45677,https://boards.greenhouse.io/rapha/jobs/2326943
Starry,Network Operations Manager,83332,https://boards.greenhouse.io/starry/jobs/4851830002
HousingAnywhere,Internship | Business Developer (Dutch Speaker),46276,https://boards.greenhouse.io/housinganywhere/jobs/4166562003%3Fsource%3Dscaleupjobs.nl
Guidepost Montessori,Montessori In-Home Educator,38664,https://boards.greenhouse.io/brushycreek/jobs/2326573
Oasys International Corporation,Senior ETL Developer - Oracle and Netezza,73506,https://boards.greenhouse.io/oasysinternationalcorporation89/jobs/2325517
Warby Parker,IT Support Engineer (Nashville),46297,https://boards.greenhouse.io/warbyparker/jobs/2327842
bluebird bio,Quality Control Senior Analyst II,56220,https://boards.greenhouse.io/bluebirdbioinc/jobs/2312226
HyperionDev,Head of People,191358,https://boards.greenhouse.io/hyperiondev/jobs/4782592002
Shearer's Foods,Class A CDL Shuttle Driver - Night Shift 12 AM - 8 AM,29814,https://boards.greenhouse.io/shearerssnacks/jobs/4859817002
Chewy Fulfillment,Temporary Utility Worker,39995,https://boards.greenhouse.io/fulfillment/jobs/2321999
Chewy Fulfillment,CMMS Administrator,49914,https://boards.greenhouse.io/fulfillment/jobs/2325762
Blend,Account Manager - Enterprise,76277,https://jobs.lever.co/blendlabs/665bb79b-3c5b-4591-8a43-a3a30c26715f
The Zebra,Senior Product Manager - Data Science,123895,https://jobs.lever.co/thezebra/ed6010d8-4b5d-4417-834c-d38e17d569c2
SemanticBits,Data Architect - Remote,108278,https://jobs.lever.co/semanticbits/4210398b-cf12-40fa-a63d-f4e3c13c6d03
AnalogFolk,Design Director - 3 Month FTC,49645,https://jobs.lever.co/analogfolk/8f552d67-f7e7-4e19-8c69-139a70284f80
The Zebra,Software Engineer II - Front-End,76929,https://jobs.lever.co/thezebra/047139fd-1cfb-4046-860d-e1c91f1a1c84
CRITICALSTART,Human Resources (HR) Generalist - Temporary,45266,https://jobs.lever.co/criticalstart/3c9311d5-db96-4d13-9214-3ee83ee109e9
Imperfect Foods,Warehouse Associate - (Part-time),28159,https://jobs.lever.co/imperfectfoods/6bb20c09-26ba-4ae1-b468-2cb509154e4c
Revolut,Recruitment Sourcer - Corporate Services,49315,https://jobs.lever.co/revolut/c1381baa-c841-40d5-b0c3-c9427b8bbe18
Verkada,Enterprise Account Executive - Austin,73480,https://jobs.lever.co/verkada/19253702-9a70-4585-a5ed-a5782af70125
Glowforge,Inside Sales Administrator - Contract Role,42049,https://jobs.lever.co/glowforge/dced77f3-b0f7-4a7b-884a-99ac370d92b2
Rivian Automotive,Functional Safety Engineer - Software,72601,https://jobs.lever.co/rivian.com/cf6ee172-3c85-4442-b6c6-7908dbd2d6b5
Grove Collaborative,IT Support Engineer - Corporate,55692,https://jobs.lever.co/grove/f4bad525-3dca-430d-8f9f-7fd519920237
Yelp,Business Systems Analyst - Salesforce (Remote),68346,https://jobs.lever.co/yelp/0c435414-1e61-49d8-80d2-33ca8e87c3e1
Guardian Security Services,B2B Inside Sales Rep - Blue Island,97753,https://jobs.lever.co/guardiansecurityinc/e5d6b087-24a7-414d-92f7-a0955286ded1
Uniphore,Software Engineer - Python or Java,76526,https://jobs.lever.co/uniphore/a1eefbd3-e9db-45d9-a61a-458598d17661
eXp World Holdings,Contract Compliance Specialist - WI,53084,https://jobs.lever.co/exp/e2499fa0-ee02-41ef-be31-aa4a416d2fe8
Planned Parenthood of the Pacific Southwest,Health Center Screener - North San Diego County,56828,https://jobs.lever.co/planned/82eec462-7a8d-47f5-8aec-8739188666d9
Rebellion Defense,Senior User Experience Designer - Core Experiences,85292,https://jobs.lever.co/rebelliondefense/13bc009b-ea34-47f7-9eab-39a91e7a8792
Swile,Senior Software Engineer (Ruby-on-Rails) - Fullremote,81877,https://jobs.lever.co/swile/c4923fb5-c029-4c86-a9fd-7839fb86b948
Frubana,Head of Acquisitions - Hunters,43361,https://jobs.lever.co/frubana/7ab9d7fe-1044-49b5-8e2d-92cebd0687c1
‏‏‎ ‎,Social Media Manager,50473,https://boards.greenhouse.io/wavexr/jobs/4167245003%3Fgh_src%3Dd7d3bcc53us
Digital Ocean Jobs,Software Engineer: Systems (Virtualization),77768,https://boards.greenhouse.io/digitaloceancitesremotes/jobs/2208474
Digital Ocean Jobs,Software Engineer: Release Engineering,84310,https://boards.greenhouse.io/digitaloceancitesremotes/jobs/2317329
Digital Ocean Jobs,Software Engineer: Platform Services,60866,https://boards.greenhouse.io/digitaloceancitesremotes/jobs/2282574
Digital Ocean Jobs,Software Engineer: Platform Services,60866,https://boards.greenhouse.io/digitaloceancitesremotes/jobs/2282578
hims & hers,Senior Data Warehouse Engineer,86431,https://boards.greenhouse.io/himshers/jobs/4865785002
Capsule,Software Engineer,92046,https://boards.greenhouse.io/capsulecares/jobs/4865460002
GOAL Syria,Access Officer,49803,https://boards.greenhouse.io/goalsyria/jobs/2329968
Dashlane,Customer Support and Service Manager,37239,https://boards.greenhouse.io/dashlane/jobs/2328287
GOAL Syria,Deputy Field Programme Coordinator,53213,https://boards.greenhouse.io/goalsyria/jobs/2329957
Patreon,Senior Product Marketing Manager,126788,https://boards.greenhouse.io/patreon/jobs/2329710
CB Insights,Lead Data Platform Engineer,143768,https://boards.greenhouse.io/cbinsights/jobs/2328438
WeWork External,Community Operations Manager - Headquarters by WeWork,46333,https://boards.greenhouse.io/wework/jobs/4154477003
GOAL Syria,SME Deputy Program Manger,90689,https://boards.greenhouse.io/goalsyria/jobs/2329928
Plethora Corporation,Senior Quality Manager,68699,https://boards.greenhouse.io/plethora/jobs/4864410002%3Fgh_jid%3D4864410002%26gh_src%3Dseekorswimcom
Notion,Data Scientist,113309,https://boards.greenhouse.io/notion/jobs/4122787003
Twilio,Staff Product Manager - Billing Platform,108992,https://boards.greenhouse.io/twilio/jobs/2327418
Cranial Technologies,Orthotist,65506,https://boards.greenhouse.io/cranialtechnologies/jobs/4865228002
EasyKnock,Business Development Manager,65937,https://boards.greenhouse.io/easyknock/jobs/4866845002
GOAL Syria,Access Operation Deputy Manager,123714,https://boards.greenhouse.io/goalsyria/jobs/2330001
Twilio,GSI Senior Partner Alliance Director,170220,https://boards.greenhouse.io/twilio/jobs/2322176
Sunnyside*,Assistant Dispensary Manager,89240,https://boards.greenhouse.io/sunnyside/jobs/4865158002
Raken,Senior Technical Product Manager,75982,https://boards.greenhouse.io/raken/jobs/4864954002
Snyk,Growth Marketing Manager,65834,https://boards.greenhouse.io/snyk/jobs/4858973002
BlockFi,Product Marketing Manager,104101,https://boards.greenhouse.io/blockfi/jobs/4865140002
HousingAnywhere,Frontend Software Engineer - Listings Team,79137,https://boards.greenhouse.io/housinganywhere/jobs/4164443003
OLIVER,Video Editor / Motion Graphics,53891,https://boards.greenhouse.io/oliver/jobs/2327729
"Sumitovant Biopharma, Inc.",NLP Infrastructure Engineer,114121,https://boards.greenhouse.io/sumitovant/jobs/4167250003
Traveloka,Product Analyst,63425,https://boards.greenhouse.io/traveloka/jobs/4167806003
Hippo Insurance,Manager of Insurance Product Innovation,139504,https://boards.greenhouse.io/hippo70/jobs/4865126002
GOAL Syria,SME Technical Officer*3,63208,https://boards.greenhouse.io/goalsyria/jobs/2329942
Cresco Labs,Garden Supervisor - Veg,53611,https://boards.greenhouse.io/crescolabs/jobs/4866889002
Cardlytics,Human Resources Business Partner,85425,https://boards.greenhouse.io/cardlytics/jobs/2327994
Twilio,Growth Account Executive - CEE,103337,https://boards.greenhouse.io/twilio/jobs/2330183
Gainsight,Software Engineer - QA,92046,https://boards.greenhouse.io/gainsight/jobs/2312136
OnSiteIQ,Chicago - Construction Laborer (360- Degree Camera),99298,https://boards.greenhouse.io/onsiteiq/jobs/4167560003
Physicians Immediate Care,Medical Assistant,31508,https://boards.greenhouse.io/physiciansimmediatecare/jobs/4865591002
Imagen Technologies,Product Marketing Manager,104101,https://boards.greenhouse.io/imagentechnologies/jobs/4865300002
Starry,Account Executive,60260,https://boards.greenhouse.io/starry/jobs/4860679002
DoorDash,Social Impact Associate,49450,https://boards.greenhouse.io/doordash/jobs/2319015
MakeSpace,Senior Backend Engineer (Warehousing / Logistics),67413,https://boards.greenhouse.io/makespace/jobs/2328888
Skylo Technologies,Principal Architect,95277,https://boards.greenhouse.io/skylotechnologies/jobs/4167543003
hims & hers,Coaches,40089,https://boards.greenhouse.io/himshers/jobs/4860283002
Qualtrics,Senior Product Marketing Manager - Employee Experience,126788,https://boards.greenhouse.io/qualtrics/jobs/1915933
Capsule,Senior Data Engineer,129032,https://boards.greenhouse.io/capsulecares/jobs/4864702002
Peloton,Principal Engineer (E-commerce),80233,https://boards.greenhouse.io/peloton/jobs/2328816
Hippo Insurance,Product Filing and Compliance Manager,108992,https://boards.greenhouse.io/hippo70/jobs/4865013002
OLIVER North America,Copywriter,58465,https://boards.greenhouse.io/oliverusa/jobs/2321529
tech co.,UX Researcher,94765,https://boards.greenhouse.io/techco/jobs/4824954002
Robinhood,Senior Backend Engineer,124972,https://boards.greenhouse.io/robinhood/jobs/2328599
OLIVER North America,Integrated Designer,63472,https://boards.greenhouse.io/oliverusa/jobs/2321812
Qualtrics,Senior Physical Security Engineer,99834,https://boards.greenhouse.io/qualtrics/jobs/2328788
Cloudflare,Security Operations Support Manager,51120,https://boards.greenhouse.io/cloudflare/jobs/2328683%3Fgh_jid%3D2328683
Torc Robotics,Active Sensing Software Engineer,72323,https://boards.greenhouse.io/torcrobotics/jobs/4864998002
Turo,IT Systems Engineer,77768,https://boards.greenhouse.io/turo/jobs/2328643
Chan Zuckerberg Initiative,Senior Payroll Accountant,67618,https://boards.greenhouse.io/chanzuckerberginitiative/jobs/2292960%3Fgh_jid%3D2292960
College Track,Grant Writer - Suitland,61359,https://boards.greenhouse.io/collegetrack/jobs/4168147003%3Fgh_src%3Dfa3a291b3us
Twilio,Growth Solutions Engineer,102864,https://boards.greenhouse.io/twilio/jobs/2324761
Sumo Logic,Enterprise Sales Account Executive - Cloud SIEM Enterprise,103705,https://boards.greenhouse.io/sumologic/jobs/2328596
Twilio,Wholesale Marketplace Manager (M5),36745,https://boards.greenhouse.io/twilio/jobs/2329962
Aegis Living,Caregiver,22470,https://boards.greenhouse.io/aegisliving/jobs/2328733
Roundtrip,Lead Software Engineer,114945,https://jobs.lever.co/roundtriphealth/67e180a4-2ad4-4218-af3d-951e36b29620
Bloomreach,DevOps,99604,https://boards.greenhouse.io/bloomreach/jobs/2327424
Starry,Tier III Network Operations Engineer,74156,https://boards.greenhouse.io/starry/jobs/4851860002
Torc Robotics,Software Engineer - Autonomous Behaviors,73348,https://boards.greenhouse.io/torcrobotics/jobs/4865398002
Therabody,Account Manager - Australia,70000,https://boards.greenhouse.io/theragun/jobs/4865600002
Myntra,Manager - Revenue,54416,https://boards.greenhouse.io/myntra/jobs/4863950002
Twilio,Growth Account Executive - Nordics,60260,https://boards.greenhouse.io/twilio/jobs/2328837
Cresco Labs,Facility Director,85744,https://boards.greenhouse.io/crescolabs/jobs/4865201002
"Chewy, Inc.",Open Interviews - Warehouse Worker,28677,https://boards.greenhouse.io/fcjobs/jobs/2327875
Aegis Living,Maintenance Director,66525,https://boards.greenhouse.io/aegisliving/jobs/2328192
PDT Partners,Technical Program Manager,78136,https://boards.greenhouse.io/pdtpartners/jobs/2327797
Chewy Fulfillment,Inventory Control FC Lead,30526,https://boards.greenhouse.io/fulfillment/jobs/2328099
OLIVER,Asset Librarian,51024,https://boards.greenhouse.io/oliver/jobs/2325251
Schweiger Dermatology Group,Medical Receptionist,27965,https://boards.greenhouse.io/schweigerdermatologygroup/jobs/4865459002
Curaleaf,Retail Manager,44032,https://boards.greenhouse.io/curaleaf/jobs/4865500002
Chewy Fulfillment,OB Escalation Specialist,82156,https://boards.greenhouse.io/fulfillment/jobs/2326006
Curaleaf,Quality Control Manager,70122,https://boards.greenhouse.io/curaleaf/jobs/4858791002
Reddit,Staff Security Engineer,124668,https://boards.greenhouse.io/reddit/jobs/2329804
Workato,Solutions Architect (Presales),110663,https://boards.greenhouse.io/workato/jobs/4862972002
BAYADA Home Health Care,Licensed Practical Nurse for Homecare,41917,https://boards.greenhouse.io/bayada/jobs/4864415002
BAYADA Home Health Care,LPN - Pediatric Licensed Practical Nurse,41917,https://boards.greenhouse.io/bayada/jobs/4865076002
BAYADA Home Health Care,Weekend Registered Nurse (RN),65870,https://boards.greenhouse.io/bayada/jobs/4863699002
BAYADA Home Health Care,Registered Nurse (RN) - Home Health,65870,https://boards.greenhouse.io/bayada/jobs/4865821002
BAYADA Home Health Care,Registered Dietitian,51291,https://boards.greenhouse.io/bayada/jobs/4865485002
BAYADA Home Health Care,Registered Dietitian,51291,https://boards.greenhouse.io/bayada/jobs/4865487002
BAYADA Home Health Care,Nurse Clinical Manager (RN),76008,https://boards.greenhouse.io/bayada/jobs/4865499002
BAYADA Home Health Care,Licensed Practical Nurse (LPN),41917,https://boards.greenhouse.io/bayada/jobs/4865481002
Athennian,Product Specialist / Corporate Paralegal (United States - Remote),57449,https://jobs.lever.co/athennian/ad5b7a0d-265d-41c5-8e9b-ad20d9478a92
ApplyBoard,Software Engineer - Discovery and Admissions Engine (Principal),120435,https://jobs.lever.co/applyboard/73950580-550b-414d-924c-92eff8fa60d5
Thirty Madison,Senior Technical Recruiter,53415,https://boards.greenhouse.io/thirtymadison/jobs/4867835002
Andela,Mid-Market Account Executive,60260,https://boards.greenhouse.io/andela/jobs/2330179
Andela,Mid-Market Account Executive,60260,https://boards.greenhouse.io/andela/jobs/2329716
Andela,Senior Technical Recruiting Manager,59829,https://boards.greenhouse.io/andela/jobs/2329964
Addepar,Software Engineer,92046,https://boards.greenhouse.io/addepar1/jobs/4867421002
RubiconMD,Front-end Engineer,76929,https://boards.greenhouse.io/rubiconmd/jobs/4866787002
Hippo Insurance,Director of Insurance Accounting,65931,https://boards.greenhouse.io/hippo70/jobs/4867620002
Twilio,Enterprise Account Executive,77208,https://boards.greenhouse.io/twilio/jobs/2328905
EasyKnock,Business Development Manager,65937,https://boards.greenhouse.io/easyknock/jobs/4866845002
"Farmer's Business Network, Inc.",Sales Operation Manager,68877,https://boards.greenhouse.io/farmersbusinessnetwork/jobs/2331463
Qualtrics,Global Operations Manager - Enterprise Services,83332,https://boards.greenhouse.io/qualtrics/jobs/2330399
SimilarWeb,Student Product Designer,60865,https://boards.greenhouse.io/similarweb/jobs/2332072
TigerConnect,Sr. iOS Software Engineer,115086,https://boards.greenhouse.io/tigerconnect/jobs/4867752002
Unite Us,Community Engagement Manager,56372,https://boards.greenhouse.io/uniteus/jobs/4867429002
Unite Us,Community Engagement Manager,56372,https://boards.greenhouse.io/uniteus/jobs/4867854002
Unite Us,Community Engagement Manager,56372,https://boards.greenhouse.io/uniteus/jobs/4867488002
Unite Us,Community Engagement Manager,56372,https://boards.greenhouse.io/uniteus/jobs/4867816002
Unite Us,Community Engagement Manager,56372,https://boards.greenhouse.io/uniteus/jobs/4867474002
Twilio,Enterprise Account Executive (TX),77208,https://boards.greenhouse.io/twilio/jobs/2315455
CLEAR - Corporate,Personnel Security Manager,51881,https://boards.greenhouse.io/clear/jobs/2324063
Shape Therapeutics,Sr. Director/VP of Finance,212570,https://boards.greenhouse.io/shapetherapeutics/jobs/4867219002
Twilio,Data Engineer,102864,https://boards.greenhouse.io/twilio/jobs/2194255
Clearwater Analytics,Senior Communications Specialist,60699,https://boards.greenhouse.io/clearwateranalytics/jobs/4867923002
Curaleaf,Human Resource Manager,78377,https://boards.greenhouse.io/curaleaf/jobs/4858488002
CLEAR - Corporate,Cyber Risk Analyst,76410,https://boards.greenhouse.io/clear/jobs/2330612
Datto Inc.,Senior Business Intelligence Analyst,96233,https://boards.greenhouse.io/datto/jobs/2322057
Cresco Labs,Compliance Manager,81353,https://boards.greenhouse.io/crescolabs/jobs/4867330002
WellSky,Sr. Data Engineer,129032,https://boards.greenhouse.io/wellsky/jobs/2319453
The RealReal,Senior Resales Manager,121202,https://boards.greenhouse.io/therealreal/jobs/4867242002
CloudBees,Account Executive,60260,https://boards.greenhouse.io/cloudbees/jobs/2330626
Shopee,Social Media Associate,42244,https://boards.greenhouse.io/shopee/jobs/4868755002
BAYADA Home Health Care,RN - Home Health Care,65870,https://boards.greenhouse.io/bayada/jobs/4867189002
BAYADA Home Health Care,LPN Home Care,41917,https://boards.greenhouse.io/bayada/jobs/4867186002
BAYADA Home Health Care,CAREGIVER,22470,https://boards.greenhouse.io/bayada/jobs/4867325002
BAYADA Home Health Care,LPN - Home Health Care,41917,https://boards.greenhouse.io/bayada/jobs/4867231002
BAYADA Home Health Care,Nurse Manager (RN),65758,https://boards.greenhouse.io/bayada/jobs/4867413002
BAYADA Home Health Care,Client Services Associate,26495,https://boards.greenhouse.io/bayada/jobs/4866988002
BAYADA Home Health Care,Registered Nurse (RN) - Home Health,65870,https://boards.greenhouse.io/bayada/jobs/4868275002
BAYADA Home Health Care,Registered Nurse (RN) - Home Health,65870,https://boards.greenhouse.io/bayada/jobs/4867466002
BAYADA Home Health Care,Registered Nurse (RN) - Home Health,65870,https://boards.greenhouse.io/bayada/jobs/4865242002
BAYADA Home Health Care,Registered Nurse (RN) - Home Health,65870,https://boards.greenhouse.io/bayada/jobs/4865193002
BAYADA Home Health Care,Registered Nurse (RN) - Home Health,65870,https://boards.greenhouse.io/bayada/jobs/4824597002
BAYADA Home Health Care,Registered Nurse (RN) - Home Health,65870,https://boards.greenhouse.io/bayada/jobs/4865175002
BAYADA Home Health Care,LPN - Licensed Practical Nurse,41917,https://boards.greenhouse.io/bayada/jobs/4842412002
BAYADA Home Health Care,Registered Nurse (RN) - Home Health,65870,https://boards.greenhouse.io/bayada/jobs/4867855002
BAYADA Home Health Care,Occupational Therapist- Home Health,75816,https://boards.greenhouse.io/bayada/jobs/4867043002
BAYADA Home Health Care,Physical Therapist- Home Health,73148,https://boards.greenhouse.io/bayada/jobs/4867110002
BAYADA Home Health Care,Physical Therapist- Home Health,73148,https://boards.greenhouse.io/bayada/jobs/4865144002
Cresco Labs,Processing Supervisor,51119,https://boards.greenhouse.io/crescolabs/jobs/4869007002
Signify Health,Contract Senior Talent Acquisition Recruiter,60127,https://boards.greenhouse.io/signifyhealth/jobs/4170290003
InCloudCounsel Careers,Product Marketing Manager,104101,https://boards.greenhouse.io/incloudcounselcareers/jobs/4867910002
Shopee,HR Operations Senior Associate,61959,https://boards.greenhouse.io/shopee/jobs/4870358002
Twilio,Director of Procurement Operations,130133,https://boards.greenhouse.io/twilio/jobs/2330503
Patreon,HR Business Partner,85425,https://boards.greenhouse.io/patreon/jobs/2332527
Abacus Insights,Senior Software Engineer,121521,https://boards.greenhouse.io/abacusinsights/jobs/4842345002%3Fgh_jid%3D4842345002%26gh_src%3D0acb57a12us
Guild Education,Senior Producer,88381,https://boards.greenhouse.io/guildeducation/jobs/2332702
"GSW Sports, LLC",Social Media Manager,50473,https://boards.greenhouse.io/goldenstatewarriors/jobs/2331573
Industrious,PR and Communications Manager,65199,https://boards.greenhouse.io/industrious/jobs/2322175
Twilio,Growth Account Executive - Nordics,60260,https://boards.greenhouse.io/twilio/jobs/2332971
Torc Robotics,Application Test Manager,70122,https://boards.greenhouse.io/torcrobotics/jobs/4867131002
Twilio,Product Operations Manager (L3) - Product Ops,57449,https://boards.greenhouse.io/twilio/jobs/2333184
Onna,Senior Reliability Engineer,96488,https://boards.greenhouse.io/onna/jobs/4856650002
OLIVER North America,Senior Integrated Producer,88381,https://boards.greenhouse.io/oliverusa/jobs/2322871
RefleXion Medical,Product Manager,108992,https://boards.greenhouse.io/reflexionmedical/jobs/2332540
Qualtrics,Enterprise Sales Trainer,66189,https://boards.greenhouse.io/qualtrics/jobs/2333082
Chowbus,Sr. Procurement Associate,67550,https://boards.greenhouse.io/chowbus/jobs/4166888003
Helix,Clinical Laboratory Supervisor,56172,https://boards.greenhouse.io/helix/jobs/2333156
Twilio,Sales Operations Analyst,54250,https://boards.greenhouse.io/twilio/jobs/2333435
Turo,Senior Product Manager,123895,https://boards.greenhouse.io/turo/jobs/2333131
Cresco Labs,Warehouse Supervisor,51980,https://boards.greenhouse.io/crescolabs/jobs/4870316002
Twilio,Technical Account Manager,53803,https://boards.greenhouse.io/twilio/jobs/2318552
Curaleaf,Plant Manager,83351,https://boards.greenhouse.io/curaleaf/jobs/4869569002
Curaleaf,Cultivation Assistant,19534,https://boards.greenhouse.io/curaleaf/jobs/4868308002
Reddit,Application Security Engineer,99834,https://boards.greenhouse.io/reddit/jobs/2333389
Twilio,Software Engineer(L2),92046,https://boards.greenhouse.io/twilio/jobs/2333848
ACADIA Pharmaceuticals,Associate Director Investor Relations,76843,https://boards.greenhouse.io/acadiapharmaceuticals/jobs/4869119002
BAYADA Home Health Care,Special Needs Caregiver/Home Care,22470,https://boards.greenhouse.io/bayada/jobs/4869810002
BAYADA Home Health Care,Licensed Practical Nurse / LPN,41917,https://boards.greenhouse.io/bayada/jobs/4869890002
BAYADA Home Health Care,Manager of Product Management,149238,https://boards.greenhouse.io/bayada/jobs/4870305002
BAYADA Home Health Care,Licensed Practical Nurse (LPN),41917,https://boards.greenhouse.io/bayada/jobs/4870035002
BAYADA Home Health Care,Registered Nurse (RN) - Home Health,65870,https://boards.greenhouse.io/bayada/jobs/4869502002
Payfone,Enterprise Sales Director - New York,123306,https://jobs.lever.co/payfone/fd1251b3-9ded-4056-b9d0-505148ac1b2d
Shippit,Business Analyst - Business Ops,87425,https://jobs.lever.co/shippit/7878381d-8d71-44ff-ba9b-77756e6d4a24
Shippit,Senior Business Development Manager - Enterprise,79506,https://jobs.lever.co/shippit/31a42815-23de-4e4e-91ac-91bd607db4e4
Shopee,Quality Assurance (QA) Analyst - Product Management,56616,https://boards.greenhouse.io/shopee/jobs/4872006002
New Zealand Trade and Enterprise,Communications Specialist - 12 month fixed term,50957,https://jobs.lever.co/newzealandtradeandenterprise/3e334d8c-56cc-416d-9232-fdfa0d046ea2
Getlabs,Mobile Phlebotomist (Part-time),28722,https://jobs.lever.co/getlabs/de925641-394c-4e4b-9561-f1040c5700ce
Deliveroo,Sales Development Representative,48412,https://boards.greenhouse.io/deliveroo/jobs/2333797%3Fgh_src%2520OR
TrueMotion,Senior Software Engineer,121521,https://boards.greenhouse.io/truemotion/jobs/2335049
Employment Opportunities,Director (project-based),116636,https://boards.greenhouse.io/buzzfeed/jobs/2326302%3Fgh_jid%3D2326302
Livongo,Software Engineer,92046,https://boards.greenhouse.io/livongo/jobs/4798452002
Justworks,Senior Technical Recruiter (Contract),53415,https://boards.greenhouse.io/justworks/jobs/2330128%3Fsource%3DJobTarget%2520via%2520DiversityPost%26utm_source%3DJobTarget%26utm_medium%3DDiversityPost%26utm_campaign%3DSenior%2520Technical%2520Recruiter%2520(Contract)%2520(2330128)%26_jtochash%3DLYLya7iDoNnZUB74iqWWj%26_jtocprof%3DB7ZvKYOw0b5VhWg9fFXy2B6NaJutMddg
Alumni Ventures Group,Software Engineer,92046,https://boards.greenhouse.io/avg/jobs/2335495
Alumni Ventures Group,Software Engineer,92046,https://boards.greenhouse.io/avg/jobs/2335499
Contentful,Learning Experience Design Lead,60934,https://boards.greenhouse.io/contentful/jobs/2311639
Split,Internal Platform Engineering Manager,117378,https://boards.greenhouse.io/split/jobs/4872928002
Datto Inc.,Principal Software Engineer,120435,https://boards.greenhouse.io/datto/jobs/2325694
Peloton,Senior Electrical Engineer,90311,https://boards.greenhouse.io/peloton/jobs/2335610
Datto Inc.,Senior Software Engineer I,121521,https://boards.greenhouse.io/datto/jobs/2332761
Innovaccer,Project Manager,66137,https://boards.greenhouse.io/innovaccer/jobs/4872060002
Peloton,Field Operations Manager,83332,https://boards.greenhouse.io/peloton/jobs/2334810
Livongo,Mobile Engineer,96016,https://boards.greenhouse.io/livongo/jobs/4798448002
Datto Inc.,Senior Software Engineer II,121521,https://boards.greenhouse.io/datto/jobs/2331053
Ad Hoc Team,UX Researcher,94765,https://boards.greenhouse.io/adhocexternal/jobs/4872792002
Ad Hoc Team,Senior Program Manager,76346,https://boards.greenhouse.io/adhocexternal/jobs/4869701002
Ad Hoc Team,Senior Program Manager,76346,https://boards.greenhouse.io/adhocexternal/jobs/4869706002
Ad Hoc Team,Senior Program Manager,76346,https://boards.greenhouse.io/adhocexternal/jobs/4869697002
Ad Hoc Team,UX Researcher,94765,https://boards.greenhouse.io/adhocexternal/jobs/4872795002
Ad Hoc Team,UX Researcher,94765,https://boards.greenhouse.io/adhocexternal/jobs/4872801002
Ad Hoc Team,UX Researcher,94765,https://boards.greenhouse.io/adhocexternal/jobs/4872798002
OfferUp,Senior Enterprise Account Executive- Autos (Bellevue),99649,https://boards.greenhouse.io/offerup/jobs/2330329
GitHub,Software Engineer - Payments,92046,https://boards.greenhouse.io/github/jobs/2335374
Aceable,Director of Instructional Media,85448,https://boards.greenhouse.io/aceable/jobs/4872242002
Outset Medical,Area Sales Manager,65923,https://boards.greenhouse.io/outsetmedical/jobs/4863641002
Snowflake,Senior Cloud Support Engineer,65821,https://boards.greenhouse.io/snowflakecomputing/jobs/4872111002
Kustomer,Business Development Representative,48548,https://boards.greenhouse.io/kustomer/jobs/2335627
Clearwater Analytics,Client Services Analyst,45632,https://boards.greenhouse.io/clearwateranalytics/jobs/4865517002
Peloton,Warehouse Associate,28159,https://boards.greenhouse.io/peloton/jobs/2334369
Curaleaf,QA/QC Senior Manager,70711,https://boards.greenhouse.io/curaleaf/jobs/4871155002
BAYADA Home Health Care,Personal Care Assistant,26350,https://boards.greenhouse.io/bayada/jobs/4871508002
BAYADA Home Health Care,Licensed Practical Nurse (LPN) - School Nurse,41917,https://boards.greenhouse.io/bayada/jobs/4870154002
BAYADA Home Health Care,Licensed Practical Nurse (LPN),41917,https://boards.greenhouse.io/bayada/jobs/4871333002
BAYADA Home Health Care,Registered Nurse (RN) - Home Health,65870,https://boards.greenhouse.io/bayada/jobs/4872249002
BAYADA Home Health Care,Registered Nurse (RN) - Home Health,65870,https://boards.greenhouse.io/bayada/jobs/4839648002
BAYADA Home Health Care,Occupational Therapist,75816,https://boards.greenhouse.io/bayada/jobs/4872457002
GILLIG,Product Strategy Manager,101354,https://boards.greenhouse.io/gillig/jobs/2328010
Bottomline Technologies,Associate Project Manager,67374,https://boards.greenhouse.io/bottomlinetechnologies/jobs/4855152002
Fivesky,Mobile Engineer,96016,https://boards.greenhouse.io/fivesky/jobs/4872658002
Turo,Senior Data Engineer,129032,https://boards.greenhouse.io/turo/jobs/2322450
Alto Pharmacy,Part Time Pharmacy Technician,23477,https://boards.greenhouse.io/alto/jobs/2292387%3Fgh_jid%3D2292387
LendingHome,IT Technician,35199,https://boards.greenhouse.io/lendinghome/jobs/2331461%3Fgh_jid%3D2331461
FLYR,Manager of Software Engineering,130998,https://jobs.lever.co/flyrlabs/20247b9a-2268-4109-8a03-724b8e838c43
FLYR,Program Manager,58804,https://jobs.lever.co/flyrlabs/bb9804f1-b533-4c6c-844e-8cb9b64b61de
Flow Cannabis Co.,Cost Accounting Manager,84479,https://jobs.lever.co/flowcannabis/a370ff2b-4ef7-419d-9ea8-775067bf7e71
Jagger,Materials Handler - Warehouse,29151,https://jobs.lever.co/hellojagger/f156a92e-ff5d-471e-94f0-fca2ff90b4f7
OpenGov,Director of Engineering,142392,https://jobs.lever.co/opengov/6b5f7819-3783-4d55-addd-f15624c8f838
SmartBear,Senior QA Engineer,84943,https://jobs.lever.co/smartbear/00aef471-5d70-4fae-af08-359fd0bf08c1
FLYR,Program Manager,58804,https://jobs.lever.co/flyrlabs/bb9804f1-b533-4c6c-844e-8cb9b64b61de
FLYR,Manager of Software Engineering,130998,https://jobs.lever.co/flyrlabs/20247b9a-2268-4109-8a03-724b8e838c43
FLYR,Manager of Data Science,140696,https://jobs.lever.co/flyrlabs/7249d59a-4f4d-44eb-98e4-21291d7d7bac
Cottonwood Residential,Assistant Property Manager,49161,https://jobs.lever.co/cottonwoodres/65f5174e-9ce3-4c2a-b864-fabc68783c50
Cottonwood Residential,Maintenance Technician,39995,https://jobs.lever.co/cottonwoodres/b52c64df-8889-4601-bf30-8b448886ccfa
Calyx Containers,Content Creator,49114,https://jobs.lever.co/calyxcontainers/3eaa552e-7372-47e2-a39f-4600a3908870
Calyx Containers,Sales Development Representative,48412,https://jobs.lever.co/calyxcontainers/f52e28ed-dbee-47f0-9db1-6586ff7db023
RACE21™,Senior Data Scientist,134222,https://jobs.lever.co/teck-2/f8e006e4-d725-4fb7-a86f-848953042e6d
Cobalt.io,Business Development Representative (BDR) Manager,48548,https://boards.greenhouse.io/cobaltio/jobs/4865277002
Skilljar,Customer Success Manager,64682,https://boards.greenhouse.io/skilljar/jobs/4849208002
#TeamGoHealth,Software Engineer,92046,https://boards.greenhouse.io/gohealth/jobs/4874794002
#TeamGoHealth,Principal Software Engineer,120435,https://boards.greenhouse.io/gohealth/jobs/4874981002
Twilio,Outbound Sales Development Representative,48412,https://boards.greenhouse.io/twilio/jobs/2336092
#TeamGoHealth,Lead Software Engineer,114945,https://boards.greenhouse.io/gohealth/jobs/4874971002
Snowflake,Senior Support Account Manager,104274,https://boards.greenhouse.io/snowflakecomputing/jobs/4872105002
Mercato,Inside Sales Manager,99298,https://boards.greenhouse.io/mercato/jobs/4170924003
Pro.com,Quality Control Manager,70122,https://boards.greenhouse.io/procom/jobs/4870577002
#TeamGoHealth,Data Scientist,113309,https://boards.greenhouse.io/gohealth/jobs/4874985002
Anchorage,Institutional Sales (Account Executive),60260,https://boards.greenhouse.io/anchorage/jobs/4868060002
#TeamGoHealth,Senior Data Scientist,134222,https://boards.greenhouse.io/gohealth/jobs/4875008002
#TeamGoHealth,Data Engineer,102864,https://boards.greenhouse.io/gohealth/jobs/4874783002
FullStory,Product Enablement Manager,108992,https://boards.greenhouse.io/fullstory/jobs/4870314002
Digital Trends,Data Engineer,102864,https://boards.greenhouse.io/digitaltrends/jobs/4872206002
Genius Sports Group,Second Line Support Operator,55692,https://boards.greenhouse.io/geniussports/jobs/4165508003
MedMen,Maintenance Tech III,49023,https://boards.greenhouse.io/medmen/jobs/4872312002
Litify,Account/Renewals Manager,62262,https://boards.greenhouse.io/litify/jobs/2328185
WireWheel,Engagement Manager,56372,https://boards.greenhouse.io/wirewheel/jobs/4874180002
Shopee,Seller Operations - Strategy and Planning,103037,https://boards.greenhouse.io/shopee/jobs/4874498002
"CardinalCommerce, a Visa Solution",Client Manager,53713,https://boards.greenhouse.io/cardinalcommerce/jobs/2330367
Twilio,Technical Support Engineer,59902,https://boards.greenhouse.io/twilio/jobs/2330964
OLIVER,Senior Project Manager,85292,https://boards.greenhouse.io/oliver/jobs/2298128
Turo,Senior Data Engineer,129032,https://boards.greenhouse.io/turo/jobs/2322450
Therabody,Associate Scientist,65849,https://boards.greenhouse.io/theragun/jobs/4868213002
Shopee,Finance Manager,95162,https://boards.greenhouse.io/shopee/jobs/4862868002
Enviva,Quality Technician,46694,https://boards.greenhouse.io/enviva/jobs/4167745003
ServiceTitan,Senior Security Engineer,114421,https://boards.greenhouse.io/servicetitan/jobs/2326137
Datto Inc.,IT Program Director,76817,https://boards.greenhouse.io/datto/jobs/2322639
Outset Medical,Customer Experience Specialist,37482,https://boards.greenhouse.io/outsetmedical/jobs/4863657002
Rappi,Operations Analyst - Launcher,54250,https://jobs.lever.co/rappi/06bb7746-5d01-4a59-9942-8710f4426b58
Cision,Recruiter,49315,https://jobs.lever.co/cision/63969c9e-91e2-4829-8c32-b16c142d1619
Verkada,Recruiting Coordinator - Sales,47262,https://jobs.lever.co/verkada/a0af126d-edf8-4aa0-88cf-550f8d2261b6
Skillshare,Head of People Operations,71473,https://jobs.lever.co/skillshare/2fc1cf01-5a7e-4752-97f5-b587b3acff73
Pixie,Software Engineer - Systems/ML,88132,https://jobs.lever.co/pixie/026c6fd7-4ce4-4861-8077-9dd9b73053c0
Medium,Staff Software Engineer,114182,https://jobs.lever.co/medium/78ce2216-8e8e-47b8-85ab-9d21a5977bd7
Eaze,Engineering Manager - Platform and Infrastructure,117378,https://jobs.lever.co/eaze/a91988d9-3e31-434b-9ded-7b78491d1c65
Protective,National Account Manager,52936,https://jobs.lever.co/protective/9767e1ae-e76c-4061-86de-9178fa42f380
Exabeam,Sr. Sales Recruiter (Contract),60127,https://jobs.lever.co/exabeam/4812ecd1-6616-4480-a42c-657eaac895fb
Atlassian,Content SEO Associate,48691,https://jobs.lever.co/atlassian/8ad6fb9b-b7b7-4474-ae8f-6ba58ce3f61f
Blinkist,Product Data Analyst – Domain Lead / Senior Level,79652,https://jobs.lever.co/blinkist/33a227b8-82a0-4cbe-babd-02f2d57f2c39
FWG Solutions,Information Assurance Engineer,99834,https://jobs.lever.co/fwgsolutions/579fbc29-68bb-43d7-82c4-cb0e0ba9c0be
Bill.com,Business Intelligence Analyst,76402,https://jobs.lever.co/bill/abe9c9f9-dba0-4c3b-a726-e2ff24236f34
Farfetch,Incident Response Analyst - IT Security,69035,https://jobs.lever.co/farfetch/2ae76cc9-0029-4e70-847a-725d5f343ec5
Confluent,Revenue Accountant,54416,https://jobs.lever.co/confluent/00ddb8cc-7837-4177-bb50-9e0b21b0532f
Fanatics,Sr. Compensation Analyst,78972,https://jobs.lever.co/fanatics/a0e45d62-6b48-45b9-aedc-6aa68215698a
Cottonwood Residential,Maintenance Supervisor,65158,https://jobs.lever.co/cottonwoodres/cdf817cc-d8b8-4401-b44f-492c2a3de6c6
"Snapdocs, Inc.",Director of New Products,149238,https://jobs.lever.co/snapdocs/7cb412f8-a954-455b-8db5-feffea6b3d2d
Revolut,Senior Backend Engineer,124972,https://jobs.lever.co/revolut/34caf6d2-33cf-4bb5-b3c1-55215b4889db
Confluent,Order Management Analyst,62220,https://jobs.lever.co/confluent/0783d8bf-242a-4463-b2bb-41ff3a77d7b7
Rappi,e-Commerce Operations Leader,83332,https://jobs.lever.co/rappi/dfc39b87-b26a-4c1f-82c4-436b222f3a1d
Exabeam,Technical Support Engineer,59902,https://jobs.lever.co/exabeam/8ab85062-6449-4586-a08e-3ea38cd491a6
Bazaarvoice,Brand Services Coordinator,38320,https://jobs.lever.co/bazaarvoice/102355e7-54ae-4d7b-826e-53121e39ff70
Cottonwood Residential,Maintenance Technician,39995,https://jobs.lever.co/cottonwoodres/01995a1b-039c-48ef-8bb9-b6bdb2d98984
Heritage Automotive Group,Call Center Representative,28499,https://jobs.lever.co/heritagevt/a3dcd529-3249-403d-a427-0d9665004d1b
Grand Rounds,Large Enterprise Sales Director,123306,https://jobs.lever.co/grandrounds/156b1c6c-d996-4eca-a3fc-1dbe06d3c92b
CrewBloom,Project Manager / Scrum Master,101342,https://jobs.lever.co/crewbloom/2e43a25c-61e2-4978-a1c7-8caaa183d171
Color,Shipping and Receiving Specialist,27567,https://jobs.lever.co/color/dcb3cd8c-70ad-4baf-a894-3b5ca00d181e
Geotab,IT Service Technician,44512,https://jobs.lever.co/geotab/1fc2b3e7-bd10-4d0b-8f4c-d8e986208af5
Ace & Tate,Retail Assistant Oxford,24943,https://jobs.lever.co/aceandtate/174ed2d8-5ca2-42c9-9a6e-18a8d2a2db1e
Recurly,Customer Success Manager,64682,https://jobs.lever.co/recurly/fb0f62e8-3b11-492d-80c0-e3d02cbc0b8d
Scorpion,Local SEO Specialist,49589,https://jobs.lever.co/scorpion/c44808b2-01dd-4902-b37d-ce665654e4cd
New Zealand Trade and Enterprise,Customer Manager,64682,https://jobs.lever.co/newzealandtradeandenterprise/8e27b6b1-108f-4ac9-aae8-1eb11b597ab2
Rappi,Marketing Ops Analyst,54250,https://jobs.lever.co/rappi/05ae17e4-b34b-415a-b63b-43c160eaaeba
Veepee,Key Account Manager - Secteur Maison H/F,76036,https://jobs.lever.co/veepee-france/1598046e-2f11-446d-822f-003072d3c1a9
A Cloud Guru,Customer Success Manager,64682,https://boards.greenhouse.io/acloudguru/jobs/4872201002%3Fgh_src%3D0b2b4ac52
Common,Leasing Specialist,30646,https://boards.greenhouse.io/common/jobs/4871854002
Mode,Engineering Manager,117378,https://boards.greenhouse.io/modeanalytics/jobs/2335202
Orchard,Salesforce Administrator,77503,https://boards.greenhouse.io/perch1/jobs/4872607002
Aceable,Instructional Technologist,60934,https://boards.greenhouse.io/aceable/jobs/4872193002
infarm,Warehouse Clerk,22668,https://boards.greenhouse.io/infarm/jobs/4872670002
Checkr,Mid-Market Account Executive,60260,https://boards.greenhouse.io/checkr/jobs/2294001%3Fgh_jid%3D2294001
Karat,Staff Software Engineer,114182,https://boards.greenhouse.io/karat/jobs/4875745002
Celonis,Sr. Graphic Designer,55421,https://boards.greenhouse.io/celonis/jobs/4169312003
Sift,Revenue Operations Accountant,67999,https://boards.greenhouse.io/siftscience/jobs/2304298
Lightcurve,Community Manager,46333,https://boards.greenhouse.io/lightcurve/jobs/4868776002
#TeamGoHealth,Senior Software Engineer-Data,121521,https://boards.greenhouse.io/gohealth/jobs/4875716002
RubiconMD,Head of People Operations,71473,https://boards.greenhouse.io/rubiconmd/jobs/4875316002
GOAL Syria,Senior Case Management Officer,36016,https://boards.greenhouse.io/goalsyria/jobs/2338209
UPshow,Customer Success Director,122091,https://boards.greenhouse.io/upshow/jobs/4869696002
Monzo,Collections Strategy Analyst,74111,https://boards.greenhouse.io/monzo/jobs/2228516
Samsara,Business Systems Analyst,72825,https://boards.greenhouse.io/samsara/jobs/2316127
Victorious,Sales Operations Specialist,68877,https://boards.greenhouse.io/victorious/jobs/4129459003%3Fgh_jid%3D4129459003
Arteza,Software Engineering Lead / Manager,130998,https://boards.greenhouse.io/arteza/jobs/4168547003
Sunnyside*,Assistant Dispensary Manager,89240,https://boards.greenhouse.io/sunnyside/jobs/4869062002
Everactive,Embedded Firmware Engineer,98277,https://boards.greenhouse.io/everactive1/jobs/2332667
RefleXion Medical,Staff Software Systems Engineer,102883,https://boards.greenhouse.io/reflexionmedical/jobs/2334469
Velodyne,Recruiter,49315,https://boards.greenhouse.io/velodyne/jobs/2335284
FlightHub,Customer Engagement Manager,56372,https://boards.greenhouse.io/flighthub/jobs/2335281
infarm,Field Brand Specialist,68478,https://boards.greenhouse.io/infarm/jobs/4875133002
Algorithmia,Senior Product Manager,123895,https://boards.greenhouse.io/algorithmia/jobs/4869938002%3Fgh_jid%3D4869938002
NationBuilder,Customer Support Technician,44512,https://boards.greenhouse.io/nationbuilder/jobs/4168638003
Mozilla,Senior Product Manager,123895,https://boards.greenhouse.io/mozilla/jobs/2300336
STEEZY,Social Media Manager,50473,https://boards.greenhouse.io/steezystudio/jobs/4168974003
Algorithmia,Customer Success Manager,64682,https://boards.greenhouse.io/algorithmia/jobs/4869548002%3Fgh_jid%3D4869548002
Stylitics,Senior Product Manager,123895,https://boards.greenhouse.io/stylitics/jobs/4860611002
Stylitics,Product Manager,108992,https://boards.greenhouse.io/stylitics/jobs/4868059002
Capsule,Director of Engineering,142392,https://boards.greenhouse.io/capsulecares/jobs/4875039002
Peloton,Field Operations Manager,83332,https://boards.greenhouse.io/peloton/jobs/2336815
Smartsheet,Director of Engineering,142392,https://boards.greenhouse.io/smartsheet/jobs/2337061
BAYADA Home Health Care,Licensed Practical Nurse (LPN),41917,https://boards.greenhouse.io/bayada/jobs/4874657002
BAYADA Home Health Care,Occupational Therapist,75816,https://boards.greenhouse.io/bayada/jobs/4875709002
BAYADA Home Health Care,Occupational Therapist,75816,https://boards.greenhouse.io/bayada/jobs/4875721002
BAYADA Home Health Care,Occupational Therapist- Home Health,75816,https://boards.greenhouse.io/bayada/jobs/4875720002
BAYADA Home Health Care,Registered Nurse (RN) - Home Health,65870,https://boards.greenhouse.io/bayada/jobs/4875269002
BAYADA Home Health Care,Occupational Therapist,75816,https://boards.greenhouse.io/bayada/jobs/4872471002
Imperfect Foods,Data Scientist,113309,https://jobs.lever.co/imperfectfoods/4c198d6e-acc4-405a-996c-93a2b756936c
Coder,Senior Product Manager,123895,https://jobs.lever.co/coder/1b69e65f-3276-4d02-a6e8-06194f3e8d91
Udemy,Senior Accountant,67618,https://jobs.lever.co/udemy/f0c4fbd7-868e-475c-9014-f233d0b25c36
TextNow,Product Manager,108992,https://jobs.lever.co/textnow/aab45ac9-578b-4222-a28a-c6d370a96d37
Loom,Senior Data Scientist,134222,https://jobs.lever.co/useloom/4f7c7cb7-00fa-45b6-98c1-4cc89394af3c
MOO,Engineering Manager,117378,https://jobs.lever.co/moo/6b0aa294-e023-4fab-b7c1-bc0810902694
Credit Sesame,Finance Manager,95162,https://jobs.lever.co/creditsesame/558be16c-471d-4d69-8476-dc56f2c99e7d
TUNE,Senior Product Manager,123895,https://jobs.lever.co/tune/cf387f94-6988-4cd7-8fdf-f894a7cd707b
UpGuard,Sales Development Representative,48412,https://jobs.lever.co/upguard/5a715fc9-83dd-4347-8ca9-25f594628b6d
Ginkgo Bioworks,Technical Writer,57282,https://jobs.lever.co/ginkgobioworks/38145aaa-14a2-4ab1-9046-b4794942251e
Cogito,Customer Success Manager,64682,https://jobs.lever.co/cogitocorp/ff3c8a2c-c6de-4848-a7ba-f4045aaa612e
AppSumo,Software Engineer,92046,https://boards.greenhouse.io/appsumocareers/jobs/2338742
AppSumo,Senior Software Engineer,121521,https://boards.greenhouse.io/appsumocareers/jobs/2338721
Karat,Customer Experience Specialist,37482,https://boards.greenhouse.io/karat/jobs/4877628002
OLIVER,Senior Integrated Producer,88381,https://boards.greenhouse.io/oliver/jobs/2321459
Ad Hoc Team,Senior Security Engineer,114421,https://boards.greenhouse.io/adhocexternal/jobs/4877125002
Ad Hoc Team,Senior Security Engineer,114421,https://boards.greenhouse.io/adhocexternal/jobs/4877122002
Ad Hoc Team,Senior Security Engineer,114421,https://boards.greenhouse.io/adhocexternal/jobs/4877135002
Ad Hoc Team,Senior Security Engineer,114421,https://boards.greenhouse.io/adhocexternal/jobs/4877124002
Ad Hoc Team,Senior Security Engineer,114421,https://boards.greenhouse.io/adhocexternal/jobs/4877130002
Ad Hoc Team,Senior Security Engineer,114421,https://boards.greenhouse.io/adhocexternal/jobs/4877129002
Ad Hoc Team,Senior Security Engineer,114421,https://boards.greenhouse.io/adhocexternal/jobs/4877133002
Ad Hoc Team,Senior Security Engineer,114421,https://boards.greenhouse.io/adhocexternal/jobs/4877132002
Ad Hoc Team,Senior Security Engineer,114421,https://boards.greenhouse.io/adhocexternal/jobs/4877131002
Ad Hoc Team,Senior Security Engineer,114421,https://boards.greenhouse.io/adhocexternal/jobs/4877126002
Contentful,Senior Product Manager,123895,https://boards.greenhouse.io/contentful/jobs/2338281%3Fgh_jid%3D2338281%26gh_src%3Dseekorswimcom
Qualia,Product Marketing Manager,104101,https://boards.greenhouse.io/qualia/jobs/2337168
Guidepost Montessori,Montessori In-Home Educator,38664,https://boards.greenhouse.io/fairfax/jobs/2334727
ServiceTitan,Senior Data Scientist,134222,https://boards.greenhouse.io/servicetitan/jobs/2339070
BAYADA Home Health Care,Licensed Practical Nurse (LPN),41917,https://boards.greenhouse.io/bayada/jobs/4877301002
BAYADA Home Health Care,Client Services Associate,26495,https://boards.greenhouse.io/bayada/jobs/4877922002
BAYADA Home Health Care,LPN Home Care,41917,https://boards.greenhouse.io/bayada/jobs/4877307002
Spark Digital,Senior Backend Engineer,124972,https://jobs.lever.co/sparkdigital/fff6a18a-6027-43d3-b890-f0d8c48a95d6
Scholar Rock,Program Manager,58804,https://jobs.lever.co/scholarrock/e855868c-b956-4da5-8b06-e89ed686ac7c
Match Group,Data Scientist,113309,https://jobs.lever.co/matchgroup/b2e5a860-e36a-4519-916e-26debd95060b
Business Wire,Product Manager,108992,https://jobs.lever.co/businesswire/72bae815-ffe7-4833-b194-0a2eb90d6bf4
Handshake,Enterprise Account Executive,77208,https://boards.greenhouse.io/joinhandshake/jobs/2340945
Via,Strategy Associate,70872,https://boards.greenhouse.io/via/jobs/4872545002%3Fgh_src%3D6aef711a2us
Mantl,Enterprise Account Executive,77208,https://boards.greenhouse.io/mantl/jobs/4877377002
Integrity Urgent Care,Medical Assistant,31508,https://boards.greenhouse.io/integrityurgentcare/jobs/4163134003%3Fgh_src%3Dd7f5b7973us
Braze,Enterprise Account Executive,77208,https://boards.greenhouse.io/braze/jobs/87318%3Fgh_jid%3D87318%26utm_var%3Dhp-take-over%26db-siteopt-rid%3D.5vZMV__TRe88iC9wV0UTA%26q%3Dproduct%2Bupdate%26q%3Dproduct%2Bupdate%26lever-source%3DTriplebyte%26utm_campaign%3DTriplebyte%26utm_medium%3Dstartup_list%26utm_source%3DTriplebyte
AnaVation,Program Manager,58804,https://jobs.lever.co/anavationllc/2b61d0b2-47e1-45ad-95a3-559626873c93
Kabam,Growth Marketing Manager,65834,https://jobs.lever.co/kabam/6debcafa-fae0-4fd0-884e-6d91fc633529
Smith Micro Software,Senior Software Engineer,121521,https://jobs.lever.co/smithmicro/aa589d2b-2044-48a9-ae30-7a700576ec1c
ezCater,Engineering Manager,117378,https://jobs.lever.co/ezcater/10616a6c-0047-4030-8977-7a505003dbbc
Optimus Ride,Senior Product Manager,123895,https://jobs.lever.co/optimusride/0467a46f-43f8-442a-b8f9-0285a45b1456
Albert,Senior Software Engineer,121521,https://jobs.lever.co/meetalbert/41f8484a-c9e8-4b0c-bfa4-6aecd72b39ab
Xfers,Data Engineer,102864,https://jobs.lever.co/xfers/30b146c0-e012-4080-a32a-462dd07adcc4
#TeamGoHealth,Associate Product Manager,96010,https://boards.greenhouse.io/gohealth/jobs/4881700002
Domo,Software Engineer,92046,https://boards.greenhouse.io/domo/jobs/2334794
Splice.com,Senior Technical Recruiter,53415,https://boards.greenhouse.io/splice/jobs/4881903002
Wikimedia Foundation,Software Engineer,92046,https://boards.greenhouse.io/wikimedia/jobs/2338515
"Guideline, Inc.",Senior Product Marketing Manager,126788,https://boards.greenhouse.io/guideline/jobs/4883916002
Grailed,Engineering Manager,117378,https://boards.greenhouse.io/grailed/jobs/4883501002
PayU,Product Marketing Manager,104101,https://boards.greenhouse.io/payu/jobs/4881125002
ServiceTitan,Director of Engineering,142392,https://boards.greenhouse.io/servicetitan/jobs/2340779
PayU,Principal Architect,95277,https://boards.greenhouse.io/payu/jobs/4881094002
BAYADA Home Health Care,Occupational Therapist,75816,https://boards.greenhouse.io/bayada/jobs/4877015002
,Registered Nurse Home Health,65870,
,Executive Assistant (CFO CPO),73749,
,Manager Analytics,123021,
,Staff Product Manager,108992,
,Staff Product Manager,125434,
,Director Data Engineering,167420,
,Inside Sales - Fitchburg MA,76059,
,Inside Sales - Fitchburg MA,76059,
,Director Forecasting,135362,
,Director Media Data Solutions,99773,
,Engineering Manager Design Systems,76954,
,Vice President Head of Talent Acquisition,134629,
,Client Services Associate Home Health,26495,
,Occupational Therapist Home Health,75816,
,Manager Customer Implementation,58884,
,Accounting Manager Canada,75427,
,CHHA Certified Home Health Aide,22470,
,Licensed Practical Nurse (LPN) Home Health,41917,
,Content Manager (Community ES),56779,
,Content Manager (Community ES),56779,
,Content Manager (Community ES),56779,
,Content Manager (Community ES),56779,
,Registered Nurse (RN) Hospice,65870,
,Director Product Management,149238,
,Warehouse Manager - Dallas TX,45781,
,Warehouse Manager - Dallas TX,45781,
,Manager Inside Sales,99298,
,Licensed Practical Nurse (LPN) Full-Time,41917,
,Senior Engagement Manager Academic Partner Success,67620,
,Software Engineer Front-End,76929,
,Software Engineer Front-End,76929,
,Sr Quality Automation Engineer (Selenium Java Cucumber) – Medical data analytics platform,84943,
,Medical Social Worker MSW Hospice,49450,
,Inside Sales - Williston VT,26839,
,Inside Sales - Williston VT,26839,
,Sr. Analyst Ops Training TH Canada,56022,
,Sr. Analyst Ops Training TH Canada,61959,
,Analyst Benefits Canada,45132,
,Sales Associate - Eugene OR,26812,
,Sales Associate - Eugene OR,26812,
,Sales Associate - Eugene OR,26812,
,Mechanical Engineer Associate,68742,
,Mechanical Engineer Associate,68742,
,Solutions Architect Mulesoft,110663,
,Registered Nurse RN Home Health,65870,
,Director Performance Architecture,85849,
,Manager of Credit Card Partnerships - Charlotte NC,51140,
,Manager of Credit Card Partnerships - Charlotte NC,51140,
,Senior Manager Corporate Infrastructure,156751,
,Sr Director People Operations,71473,
,Sr Salesforce Engineer LWC,77503,
,Sr Salesforce Engineer LWC,77503,
,Sr Salesforce Engineer LWC,104240,
,Licensed Practical Nurse (LPN) Home Health Visits,41917,
,Clinical Manager (RN) Home Care,64493,
,Senior Manager Conversion Optimization,48737,
,Senior Manager Conversion Optimization,48737,
,Senior Manager Conversion Optimization,111255,
,Client Services Manager Home Health,59003,
,Junior Analyst Sales Operations,61788,
,Regional Sales Director Enterprise,123306,
,Regional Sales Director Enterprise,123306,
,Senior Manager Finance Systems,88175,
,Director Services,85448,
,Director Account Management,100347,
,Regional Director of SEED East Coast,63550,
,Medical Assistant - Downtown Los Angeles CA,34509,
,Manager Sales Development,71032,
,Manager Sales Development,71032,
,Principal Technical Program Manager DEMS,115100,
,Director of Sales Federal,123306,
,Senior Director Strategic Marketing,205600,
,Senior Director Strategic Marketing,205600,
,Senior Director Strategic Marketing,205600,
,Software Engineer QA Automation,70827,
,Named Account Manager Seattle,62262,
,Disease Intervention Specialist - Los Angeles CA,38216,
,Disease Intervention Specialist - Los Angeles CA,38216,
,Disease Intervention Specialist - Los Angeles CA,38216,
,Named Account Manager Seattle,62262,
,Data Visualization Engineer Data Labs,78548,
,Senior Software Engineer Android Mobile,115086,
,CDL Driver - Lancaster PA,52445,
,CDL Driver - Lancaster PA,52445,
,CDL Driver - Lancaster PA,52445,
,Inside Sales - Louisville KY,36258,
,Inside Sales - Louisville KY,36258,
,Sr. Analyst Finance PLK,77831,
,Physical Therapist Home Health,73148,
,Director Strategic Sales,108047,
,Warehouse Manager - Little Rock AR,43491,
,Warehouse Manager - Little Rock AR,43491,
,Senior Counsel Law Enforcement and National Security,120997,
,Senior Manager Customer Engagement Marketing,79370,
,Senior Manager Customer Engagement Marketing,67620,
,Medical Assistant - West Hollywood CA,32461,
,Scientist Plasma - Computational,95391,
,Scientist Plasma - Computational,95391,
,Senior Manager / Manager- Menu Experience APAC,120806,
,Senior Software Engineer Growth,121521,
,Senior Manager / Manager- Menu Experience APAC,120806,
,Senior Product Manager Kubernetes,120028,
,Occupational Therapist Per Diem,75816,
,Director of Engineering Trading,122676,
,Director of Engineering Trading,142392,
,Medical Assistant Float - San Fernando Valley (Burbank/Van Nuys) CA,32461,
,Editorial Director Recommendations,98987,
,Coop Systems Engineer,66429,
,Coop Systems Engineer,66429,
,Sales Supervisor King St.,54375,
,Data Analyst Finance Transformation,62453,
,Quality Assurance Engineer Enterprise Systems,77768,
,Principal Academic Partner Engagement,106951,
